Residency,Fellowship
Anesthesiology,Hospice and Palliative Medicine
Anesthesiology,Pediatric Anesthesiology
Anesthesiology,Pain Medicine
Anesthesiology,Sleep Medicine
Anesthesiology,Surgical Critical Care Medicine
Cardiovascular Disease,Adult congenital heart disease
Cardiovascular Disease,Clinical cardiac electrophysiology
Child Neurology,Hospice and Palliative Medicine
Emergency Medicine,Hospice and Palliative Medicine
Emergency Medicine,Pediatrics Emergency Medicine
Emergency Medicine,Clinical Ultrasound
Emergency Medicine,Emergency Medical Services
Emergency Medicine,Medical Toxicology
Emergency Medicine,Sports Medicine
Emergency Medicine,Surgical Critical Care Medicine
Family Medicine,Geriatric medicine
Family Medicine,Hospice and Palliative Medicine
Family Medicine,Adolescent Medicine
Family Medicine,Medical Toxicology
Family Medicine,Sleep Medicine
Family Medicine,Sports Medicine
General Surgery,Hospice and Palliative Medicine
General Surgery,Colon and Rectal Surgery
General Surgery,Hand Surgery
General Surgery,Pediatric Surgery
General Surgery,Surgical Oncology
General Surgery,Thoracic Surgery
General Surgery,Vascular Surgery
Internal Medicine,Allergy and Immunology
Internal Medicine,Cardiovascular disease
Internal Medicine,Endocrinology
Internal Medicine,Gastroenterology
Internal Medicine,Geriatric medicine
Internal Medicine,Hematology
Internal Medicine,Hematology and Oncology
Internal Medicine,Hospice and Palliative Medicine
Internal Medicine,Infectious Disease
Internal Medicine,Oncology
Internal Medicine,Nephrology
Internal Medicine,Pulmonology and Critical Care
Internal Medicine,Rheumatology
Internal Medicine,Adolescent Medicine
Internal Medicine,Clinical Ultrasound
Internal Medicine,Medical Toxicology
Internal Medicine,Sleep Medicine
Internal Medicine,Sports Medicine
Neurological Surgery,Surgical Critical Care Medicine
Neurology,Hospice and Palliative Medicine
Neurology,Brain Injury Medicine
Neurology,Sleep Medicine
Neurology,Vascular Neurology
Obstetrics and Gynecology,Hospice and Palliative Medicine
Obstetrics and Gynecology,Female Pelvic Reconstructive Surgery
Obstetrics and Gynecology,Complex Family Planning
Obstetrics and Gynecology,Gynecologic Oncology
Obstetrics and Gynecology,Maternal-Fetal Medicine
Obstetrics and Gynecology,Minimally Invasive Gynecologic Surgery
Obstetrics and Gynecology,Pediatric and Adolescent Gynecology
Obstetrics and Gynecology,Reproductive Endocrinology
Obstetrics and Gynecology,Surgical Critical Care Medicine
Orthopedic Surgery,Hand Surgery
Orthopedic Surgery,Surgical Critical Care Medicine
Otolaryngology,Laryngology
Otolaryngology,Sleep Medicine
Pediatric Cardiology,Adult congenital heart disease
Pediatric Gastroenterology,Pediatric Transplant Hepatology
Pediatrics,Allergy and Immunology
Pediatrics,Cardiovascular disease
Pediatrics,Hospice and Palliative Medicine
Pediatrics,Academic General Pediatrics
Pediatrics,Child Abuse
Pediatrics,Developmental-Behavioral Pediatrics
Pediatrics,Neonatal-Perinatal Medicine
Pediatrics,Pediatrics Emergency Medicine
Pediatrics,Pediatric Endocrinology
Pediatrics,Pediatric Gastroenterology
Pediatrics,Pediatric Hematology/Oncology
Pediatrics,Pediatric Hospital Medicine
Pediatrics,Pediatric Infectious Diseases
Pediatrics,Pediatric Nephrology
Pediatrics,Pediatric Pulmonology
Pediatrics,Pediatric Rheumatology
Pediatrics,Adolescent Medicine
Pediatrics,Medical Toxicology
Pediatrics,Sleep Medicine
Pediatrics,Sports Medicine
Physical Medicine and Rehabilitation,Hospice and Palliative Medicine
Physical Medicine and Rehabilitation,Pediatric Rehabilitation Medicine
Physical Medicine and Rehabilitation,Brain Injury Medicine
Physical Medicine and Rehabilitation,Sports Medicine
Plastic Surgery,Hand Surgery
Psychiatry,Hospice and Palliative Medicine
Psychiatry,Child and Adolescent Psychiatry
Psychiatry,Consultation-Liaison Psychiatry
Psychiatry,Brain Injury Medicine
Psychiatry,Sleep Medicine
Pulmonology and Critical Care,Interventional Pulmonology
Radiation Oncology,Hospice and Palliative Medicine
Radiology,Hospice and Palliative Medicine
Radiology,Breast Imaging
Radiology,Interventional Radiology
Radiology,Musculoskeletal Radiology
Radiology,Neuroradiology
Urology,Female Pelvic Reconstructive Surgery
Urology,Surgical Critical Care Medicine
Vascular Surgery,Surgical Critical Care Medicine
